{"cameraMode":{"drawMode":0,"name":"Shaded","section":"Shading Mode"},"sceneLighting":true,"audioPlay":false,"sceneViewState":{"m_AlwaysRefresh":false,"showFog":true,"showSkybox":true,"showFlares":true,"showImageEffects":true,"showParticleSystems":true,"showVisualEffectGraphs":true,"m_FxEnabled":true},"in2DMode":false,"pivot":{"x":-6.740532398223877,"y":0.5140858888626099,"z":-18.685762405395509},"rotation":{"x":-0.001855091075412929,"y":0.9937795996665955,"z":-0.01670657843351364,"w":-0.11014577001333237},"size":13.09106731414795,"orthographic":false}