{"cameraMode":{"drawMode":0,"name":"Shaded","section":"Shading Mode"},"sceneLighting":true,"audioPlay":false,"sceneViewState":{"m_AlwaysRefresh":false,"showFog":true,"showSkybox":true,"showFlares":true,"showImageEffects":true,"showParticleSystems":true,"showVisualEffectGraphs":true,"m_FxEnabled":true},"in2DMode":false,"pivot":{"x":37.624027252197269,"y":-30.408153533935548,"z":-110.69418334960938},"rotation":{"x":0.03193959966301918,"y":0.967516303062439,"z":-0.19343845546245576,"w":0.15994738042354585},"size":63.74896240234375,"orthographic":false}