{"cameraMode":{"drawMode":0,"name":"Shaded","section":"Shading Mode"},"sceneLighting":true,"audioPlay":false,"sceneViewState":{"m_AlwaysRefresh":false,"showFog":true,"showSkybox":true,"showFlares":true,"showImageEffects":true,"showParticleSystems":true,"showVisualEffectGraphs":true,"m_FxEnabled":true},"in2DMode":false,"pivot":{"x":107.50911712646485,"y":35.803062438964847,"z":-185.11270141601563},"rotation":{"x":-0.16921040415763856,"y":0.5749862194061279,"z":0.12292029708623886,"w":0.7911286950111389},"size":47.498958587646487,"orthographic":false}