{"cameraMode":{"drawMode":0,"name":"Shaded","section":"Shading Mode"},"sceneLighting":true,"audioPlay":false,"sceneViewState":{"m_AlwaysRefresh":false,"showFog":true,"showSkybox":true,"showFlares":true,"showImageEffects":true,"showParticleSystems":true,"showVisualEffectGraphs":true,"m_FxEnabled":true},"in2DMode":false,"pivot":{"x":43.88094711303711,"y":-5.513318061828613,"z":-129.92874145507813},"rotation":{"x":-0.11896585673093796,"y":-0.03660474345088005,"z":0.0047400291077792648,"w":-0.992379903793335},"size":3.3035972118377687,"orthographic":false}