{"cameraMode":{"drawMode":0,"name":"Shaded","section":"Shading Mode"},"sceneLighting":true,"audioPlay":false,"sceneViewState":{"m_AlwaysRefresh":false,"showFog":true,"showSkybox":true,"showFlares":true,"showImageEffects":true,"showParticleSystems":true,"showVisualEffectGraphs":true,"m_FxEnabled":true},"in2DMode":false,"pivot":{"x":-8.845901489257813,"y":9.40899658203125,"z":11.20822525024414},"rotation":{"x":0.007438745349645615,"y":0.9908912777900696,"z":-0.061842069029808047,"w":0.11981350183486939},"size":1.5162386894226075,"orthographic":false}