{"cameraMode":{"drawMode":0,"name":"Shaded","section":"Shading Mode"},"sceneLighting":true,"audioPlay":false,"sceneViewState":{"m_AlwaysRefresh":false,"showFog":true,"showSkybox":true,"showFlares":true,"showImageEffects":true,"showParticleSystems":true,"showVisualEffectGraphs":true,"m_FxEnabled":true},"in2DMode":false,"pivot":{"x":33.22612380981445,"y":-0.7114160060882568,"z":-136.61390686035157},"rotation":{"x":-0.15206007659435273,"y":-0.12064358592033386,"z":0.01901167631149292,"w":-0.9809747934341431},"size":3.3035972118377687,"orthographic":false}